Name,Price per Month,Walk Duration,Total Duration,Link
"Lillian Avenue, Acton","£3,000 pcm",728,2379,rightmove.co.uk/properties/54150942#/?channel=RES_LET
"Churchill Gardens, London, SW1V","£2,600 pcm",701,2283,rightmove.co.uk/properties/166015241#/?channel=RES_LET
"Churchill Gardens, London, SW1V","£2,648 pcm",701,2283,rightmove.co.uk/properties/166015484#/?channel=RES_LET
"Canterbury Crescent, Brixton SW9  2 mins to the tube. - Virtual viewing on request.","£3,000 pcm",270,2209,rightmove.co.uk/properties/166011125#/?channel=RES_LET
"Lancaster Court, 
Darlan Road, SW6","£3,000 pcm",444,1744,rightmove.co.uk/properties/166003847#/?channel=RES_LET
"Park Mansions, London, SW8","£2,995 pcm",0,737,rightmove.co.uk/properties/163228229#/?channel=RES_LET
"Churchill Gardens, London, SW1V","£2,687 pcm",701,2283,rightmove.co.uk/properties/165942626#/?channel=RES_LET
"Battersea Park Road, Battersea, London, SW11","£2,850 pcm",590,2349,rightmove.co.uk/properties/165897566#/?channel=RES_LET
"Churchill Gardens, London, SW1V","£2,600 pcm",701,2283,rightmove.co.uk/properties/166015241#/?channel=RES_LET
"Hayward Court, London, SW4","£2,950 pcm",394,2154,rightmove.co.uk/properties/165809144#/?channel=RES_LET
"Uxbridge Road, London, W12","£2,299 pcm",355,2256,rightmove.co.uk/properties/165807428#/?channel=RES_LET
"Cannon Street Road, London","£2,800 pcm",154,1946,rightmove.co.uk/properties/163306061#/?channel=RES_LET
"Sutherland Avenue, Little Venice","£2,950 pcm",487,2400,rightmove.co.uk/properties/165998150#/?channel=RES_LET
"Market Road, Caledonian Road","£2,800 pcm",249,2347,rightmove.co.uk/properties/165720098#/?channel=RES_LET
"Stanley Gardens, Willesden Green NW2 ","£2,700 pcm",667,1794,rightmove.co.uk/properties/165717266#/?channel=RES_LET
"Barclay Close, Cassidy Road, Fulham, London, SW6","£3,000 pcm",501,1802,rightmove.co.uk/properties/165663329#/?channel=RES_LET
"Durnsford Road, Wimbledon Park, London, SW19","£2,700 pcm",471,2430,rightmove.co.uk/properties/165606998#/?channel=RES_LET
"Strathan Close, London, SW18","£2,570 pcm",784,2443,rightmove.co.uk/properties/87241446#/?channel=RES_LET
"South Lambeth Road, London, SW8","£2,496 pcm",700,2399,rightmove.co.uk/properties/165471779#/?channel=RES_LET
"Onslow Gardens, London, SM6","£3,000 pcm",823,823,rightmove.co.uk/properties/164452919#/?channel=RES_LET
"Urmston Drive, 
Wimbledon Common, SW19","£2,750 pcm",503,2296,rightmove.co.uk/properties/164589962#/?channel=RES_LET
"2 Kent Court, Queens Drive, London","£2,800 pcm",305,2313,rightmove.co.uk/properties/165335198#/?channel=RES_LET
"Cassidy Road, Barclay Close, London, SW6","£3,000 pcm",501,1802,rightmove.co.uk/properties/163467641#/?channel=RES_LET
"Westway, East Acton, W12 0PT","£2,690 pcm",218,2422,rightmove.co.uk/properties/163926455#/?channel=RES_LET
"Hillingdon Street, Elephant and Castle, London, SE17","£2,799 pcm",147,2326,rightmove.co.uk/properties/164778914#/?channel=RES_LET
"Fulham Road, Parsons Green, London, SW6","£2,817 pcm",515,1754,rightmove.co.uk/properties/164757773#/?channel=RES_LET
"Chiswick High Road, Chsiwick","£2,747 pcm",346,2111,rightmove.co.uk/properties/164153513#/?channel=RES_LET
"Gunnersbury Avenue, London, W5","£3,000 pcm",512,2158,rightmove.co.uk/properties/164060486#/?channel=RES_LET
"Flat 11, TW1X, London, TW1","£1,122 pcm",463,1992,rightmove.co.uk/properties/87183573#/?channel=RES_LET
Headbourne House ( 3 bed no living room by Guys campus),"£2,747 pcm",334,2304,rightmove.co.uk/properties/163178585#/?channel=RES_LET
